<?xml version="1.0"?>
<doc>
  <assembly>
    <name>OpenRasta</name>
  </assembly>
  <members>
    <member name="T:OpenRasta.Binding.IObjectBinderLocator">
      <summary>
            Defines a component able to locate an object binder for a member.
            </summary>
    </member>
    <member name="M:OpenRasta.Binding.IObjectBinderLocator.GetBinder(OpenRasta.TypeSystem.IMember)">
      <summary>
            Gets a binder for a member.
            </summary>
      <param name="member">The member for which to find a binder.</param>
      <returns>An instance of an <see cref="T:OpenRasta.Binding.IObjectBinder" /> defined for this member.</returns>
    </member>
    <member name="T:OpenRasta.Binding.BinderAttribute">
      <summary>
            Defines a binder locator for a statically typed member
            </summary>
    </member>
    <member name="T:OpenRasta.Binding.BindingResult">
      <summary>
            Represents the result of a binding.
            </summary>
    </member>
    <member name="M:OpenRasta.Binding.BindingResult.Failure">
      <summary>
            Creates a binding result for failing bindings.
            </summary>
      <returns>
      </returns>
    </member>
    <member name="M:OpenRasta.Binding.BindingResult.Success(System.Object)">
      <summary>
            Creates a binding result for successful bindings.
            </summary>
      <param name="instance">The object successful built by the binder.</param>
      <returns>An instance of the <see cref="T:OpenRasta.Binding.BindingResult" /> type.</returns>
    </member>
    <member name="P:OpenRasta.Binding.BindingResult.Instance">
      <summary>
            Gets the instance of the built object.
            </summary>
      <remarks>
            The value of this property is undefined when the binding has not been successful.
            </remarks>
    </member>
    <member name="P:OpenRasta.Binding.BindingResult.Successful">
      <summary>
            Gets a value defining if the binding was successful.
            </summary>
    </member>
    <member name="T:OpenRasta.Binding.IObjectBinder">
      <summary>
            Represents a component able to build instances of objects from object paths and values.
            </summary>
    </member>
    <member name="M:OpenRasta.Binding.IObjectBinder.SetProperty``1(System.String,System.Collections.Generic.IEnumerable{``0},OpenRasta.Binding.ValueConverter{``0})">
      <summary>
            Tries to set a property value based on a key and a list of values.
            </summary>
      <typeparam name="TValue">The type of values being used to assign to the destination property.</typeparam>
      <param name="key">The object path to the property to assign.</param>
      <param name="values">The values to be used in realizing the value for the property</param>
      <param name="converter">The converter responsible for converting between the source values and the destination value.</param>
      <returns>
        <c>true</c> if the assignment was successful, otherwise <c>false</c>.</returns>
    </member>
    <member name="M:OpenRasta.Binding.IObjectBinder.SetInstance(System.Object)">
      <summary>
            Tries to set an instance as the object used when assigning values.
            </summary>
      <param name="builtInstance">The instance of an object being used for binding.</param>
      <returns>
        <c>true</c> if the assignment was successful, otherwise <c>false</c>.</returns>
    </member>
    <member name="M:OpenRasta.Binding.IObjectBinder.BuildObject">
      <summary>
            Attempts to build an object and return a <see cref="T:OpenRasta.Binding.BindingResult" /> instance containing the result of the building.
            </summary>
      <returns>An instance of the <see cref="T:OpenRasta.Binding.BindingResult" /> type containing the result of the binding.</returns>
    </member>
    <member name="P:OpenRasta.Binding.IObjectBinder.IsEmpty">
      <summary>
            Gets a value defining if the binder contains any values.
            </summary>
    </member>
    <member name="P:OpenRasta.Binding.IObjectBinder.Prefixes">
      <summary>
            Gets the list of prefixes that the binder will ignore when parsing the keys and value pairs.
            </summary>
    </member>
    <member name="T:OpenRasta.Binding.ChangeSetBinder`1">
      <summary>
            Represents a binder for the ChangeSet type.
            </summary>
      <typeparam name="T">
      </typeparam>
    </member>
    <member name="M:OpenRasta.Binding.ChangeSetBinder`1.#ctor(OpenRasta.TypeSystem.IType,System.String)">
      <summary>
            Constructs a new binder for types of type <see cref="!:ChangeSet" />.
            </summary>
      <param name="type">
      </param>
      <param name="objectName">
      </param>
    </member>
    <member name="T:OpenRasta.Binding.KeyedValues">
      <summary>
            Represents a key and associated values.
            </summary>
    </member>
    <member name="M:OpenRasta.Binding.KeyedValues.SetProperty(OpenRasta.Binding.IObjectBinder)">
      <summary>
            Tries to set the value on the provided object binder.
            </summary>
      <param name="binder">The <see cref="T:OpenRasta.Binding.IObjectBinder" /> to use when applying the value.</param>
      <returns>
        <c>true</c> if the assignment was successful, otherwise <c>false</c>.</returns>
    </member>
    <member name="P:OpenRasta.Binding.KeyedValues.Key">
      <summary>
            The key for which a value is provided.
            </summary>
    </member>
    <member name="P:OpenRasta.Binding.KeyedValues.WasUsed">
      <summary>
            Sets a value defining if the KeyedValue was used during the binding process.
            </summary>
    </member>
    <member name="T:OpenRasta.Binding.ValueConverter`1">
      <summary>
            Defines a conversion method used to convert entities between multiple types.
            </summary>
      <typeparam name="T">The type of the entity to convert.</typeparam>
      <param name="entity">The entity instance to convert.</param>
      <param name="entityType">The target Type</param>
      <returns>The result of the conversion.</returns>
    </member>
    <member name="T:OpenRasta.Binding.KeyedValues`1">
      <summary>
            Represent a key associated with a series of typed values and a converter, used to match key and values pairs with binders.
            </summary>
      <typeparam name="T">The type of the values.</typeparam>
    </member>
    <member name="T:OpenRasta.Codecs.CodecMatch">
      <summary>
            Represents the result of matching a codec to method parameters.
            </summary>
    </member>
    <member name="T:OpenRasta.Codecs.IKeyedValuesMediaTypeReader`1">
      <summary>
            Represents a codec that can transform an entity into a set of named values.
            </summary>
      <typeparam name="TValue">The type of the values associated with each key.</typeparam>
    </member>
    <member name="T:OpenRasta.Codecs.MediaTypeAttribute">
      <summary>
            Defines the default media types supported by a codec.
            </summary>
    </member>
    <member name="T:OpenRasta.Codecs.HtmlErrorCodec">
      <summary>
            Codec rendering error messages collected during the processing of a request.
            </summary>
    </member>
    <member name="M:OpenRasta.Codecs.SupportedTypeAttribute.#ctor(System.Type)">
      <summary>
            Defines a type a codec is supporting by default.
            </summary>
      <param name="supportedType">The type a codec can convert from / to.</param>
    </member>
    <member name="T:OpenRasta.CodeDom.Compiler.MarkupElementModifier">
      <summary>
            Supports IElement elements, and render them as html elements dealing with their own encoding.
            </summary>
    </member>
    <member name="T:OpenRasta.CodeDom.Compiler.UnencodedOutputModifier">
      <summary>
            Supports writing data without conversion to the output stream, whenever they are of type UnencodedOutput.
            </summary>
    </member>
    <member name="M:OpenRasta.Collections.ObservableIteratorExtensions.AsObservable``1(System.Collections.Generic.IEnumerable{``0},System.Func{System.Collections.Generic.IEnumerable{``0},System.Collections.Generic.IEnumerable{``0}},System.Action{``0},System.Action{``0})">
      <summary>
            Filters an enumerable and notify when elements are selected or discarded.
            </summary>
      <typeparam name="T">
      </typeparam>
      <param name="target">
      </param>
      <param name="filter">
      </param>
      <param name="onSelected">
      </param>
      <param name="onDiscarded">
      </param>
      <returns>
      </returns>
    </member>
    <member name="T:OpenRasta.Collections.ObservableIterator`1">
      <summary>
            Provides an iterator that can notify on elements being selected or discarded.
            </summary>
      <typeparam name="T">
      </typeparam>
    </member>
    <member name="M:OpenRasta.Configuration.HasExtensions.ResourcesWithKey(OpenRasta.Configuration.Fluent.IHas,System.Object)">
      <exception cref="T:System.ArgumentNullException">
        <c>has</c> is null.</exception>
    </member>
    <member name="M:OpenRasta.Configuration.UsesExtensions.CustomDependency``2(OpenRasta.Configuration.Fluent.IUses,OpenRasta.DI.DependencyLifetime)">
      <summary>
            Registers a custom dependency that can be used for leveraging dependency injection.
            </summary>
      <typeparam name="TService">The type of the service to register</typeparam>
      <typeparam name="TConcrete">The concrete type used when the service type is requested</typeparam>
      <param name="anchor">
      </param>
      <param name="lifetime">The lifetime of the object.</param>
    </member>
    <member name="M:OpenRasta.Configuration.UsesExtensions.PipelineContributor``1(OpenRasta.Configuration.Fluent.IUses)">
      <summary>
            Adds a contributor to the pipeline.
            </summary>
      <typeparam name="TPipeline">The type of the pipeline contributor to register.</typeparam>
      <param name="anchor">
      </param>
    </member>
    <member name="M:OpenRasta.Configuration.UsesExtensions.UriDecorator``1(OpenRasta.Configuration.Fluent.IUses)">
      <summary>
            Adds a URI decorator to process incoming URIs.
            </summary>
      <typeparam name="TDecorator">The type of the URI decorator.</typeparam>
      <param name="anchor">
      </param>
    </member>
    <member name="M:OpenRasta.Configuration.XmlSeralizerConfiguration.AsXmlSerializer(OpenRasta.Configuration.Fluent.ICodecParentDefinition)">
      <summary>
            Enables reading and writing resource representations using the framework's <see cref="T:System.Xml.Serialization.XmlSerializer" />.
            </summary>
      <param name="parentDefinition">
      </param>
      <returns>
      </returns>
    </member>
    <member name="T:OpenRasta.Collections.NullBehaviorDictionary`2">
      <summary>
            Provides an implementation of IDictionary&lt;TKey,TValue&gt; that automatically replaces missing values
            with null.
            </summary>
    </member>
    <member name="T:OpenRasta.DI.IDependencyResolverAccessor">
      <summary>
            Provides an instance of the dependency resolver to be used with OpenRasta.
            </summary>
    </member>
    <member name="M:OpenRasta.Handlers.HandlerRepository.AddResourceHandler(System.Object,OpenRasta.TypeSystem.IType)">
      <exception cref="T:System.ArgumentException">The provided handler is already registered.</exception>
    </member>
    <member name="M:OpenRasta.Configuration.Fluent.Implementation.ResourceDefinition.AtUri(System.String)">
      <exception cref="T:System.ArgumentNullException">
        <c>uri</c> is null.</exception>
    </member>
    <member name="P:OpenRasta.Configuration.Fluent.Implementation.ResourceDefinition.WithoutUri">
      <exception cref="T:System.InvalidOperationException">Cannot make a resource URI-less if a URI is already registered.</exception>
    </member>
    <member name="P:OpenRasta.Configuration.ResourceSpace.Has">
      <summary>
            Registers resources
            </summary>
    </member>
    <member name="T:OpenRasta.Configuration.IDependencyRegistrar">
      <summary>
            Provides the initial set of dependencies required to initialize OpenRasta.
            </summary>
    </member>
    <member name="M:OpenRasta.Configuration.IDependencyRegistrar.Register(OpenRasta.DI.IDependencyResolver)">
      <summary>
            Registers the default dependencies.
            </summary>
    </member>
    <member name="T:OpenRasta.DI.DependencyManager">
      <summary>
            Provides easy access to common services and dependency-specific properties.
            </summary>
    </member>
    <member name="M:OpenRasta.DI.DependencyManager.GetService(System.Type)">
      <summary>
            Resolve a component, optionally registering it in the container if <see cref="P:OpenRasta.DI.DependencyManager.AutoRegisterDependencies" /> is set to <c>true</c>.
            </summary>
      <param name="dependencyType">
      </param>
      <returns>
      </returns>
    </member>
    <member name="M:OpenRasta.DI.DependencyManager.SetResolver(OpenRasta.DI.IDependencyResolver)">
      <summary>
            Set a dependency resolver for the current thread
            </summary>
      <param name="resolver">An instance of a dependency resolver.</param>
      <remarks>If no dependency registrar is registered in the container, the <see cref="T:OpenRasta.Configuration.DefaultDependencyRegistrar" /> will be used instead.</remarks>
    </member>
    <member name="P:OpenRasta.DI.DependencyManager.AutoRegisterDependencies">
      <summary>
            Gets or sets a value defining if unregistered dependencies resolved through a call to <see cref="M:OpenRasta.DI.DependencyManager.GetService(System.Type)" /> 
            are automatically registered in the container.
            </summary>
      <remarks>This covers user-specified codecs, handlers and any type provided to the <see cref="M:OpenRasta.DI.DependencyManager.GetService(System.Type)" /> method.
            <c>true</c> by default.</remarks>
    </member>
    <member name="M:OpenRasta.DI.DependencyResolverExtensions.AddDependency``1(OpenRasta.DI.IDependencyResolver)">
      <summary>
            Adds a concrete dependency to the resolver.
            </summary>
      <typeparam name="TConcrete">The concrete type to register.</typeparam>
      <param name="resolver">
      </param>
    </member>
    <member name="M:OpenRasta.DI.DependencyResolverExtensions.AddDependency``1(OpenRasta.DI.IDependencyResolver,OpenRasta.DI.DependencyLifetime)">
      <summary>
            Adds a concrete dependency with the specified lifetime.
            </summary>
      <typeparam name="TConcrete">The concrete type to register.</typeparam>
      <param name="resolver">
      </param>
      <param name="lifetime">The lifetime of the type.</param>
    </member>
    <member name="M:OpenRasta.DI.DependencyResolverExtensions.AddDependency``2(OpenRasta.DI.IDependencyResolver)">
      <summary>
            Adds a dependency of type <typeparamref name="TService" />, implemented by the type <typeparamref name="TConcrete" />.
            </summary>
      <typeparam name="TService">The type to register.</typeparam>
      <typeparam name="TConcrete">The type of the concrete implementation.</typeparam>
      <param name="resolver">The resolver.</param>
    </member>
    <member name="M:OpenRasta.DI.DependencyResolverExtensions.AddDependency``2(OpenRasta.DI.IDependencyResolver,OpenRasta.DI.DependencyLifetime)">
      <summary>
            Adds a dependency of type <typeparamref name="TService" />, implemented by the type <typeparamref name="TConcrete" />, with the specified dependency lifetime.
            </summary>
      <typeparam name="TService">The type to register.</typeparam>
      <typeparam name="TConcrete">The type of the concrete implementation.</typeparam>
      <param name="resolver">The resolver.</param>
      <param name="lifetime">The lifetime of the type.</param>
    </member>
    <member name="M:OpenRasta.DI.DependencyResolverExtensions.Resolve``1(OpenRasta.DI.IDependencyResolver)">
      <summary>
            Returns an instance of a registered dependency of type T.
            </summary>
      <typeparam name="T">The dependency type.</typeparam>
      <param name="resolver">
      </param>
      <returns>An instance of T.</returns>
      <exception cref="T:OpenRasta.DI.DependencyResolutionException">The resolver couldn't resolve the exception.</exception>
    </member>
    <member name="T:OpenRasta.Data.ChangeSet`1">
      <summary>
            Represents a set of changes that can be applied to a type.
            </summary>
      <typeparam name="T">
      </typeparam>
    </member>
    <member name="M:OpenRasta.Data.ChangeSet`1.GetBinder(OpenRasta.TypeSystem.ITypeSystem,OpenRasta.TypeSystem.IMember)">
      <summary>
            Gets the binder used to build the changeset.
            </summary>
      <param name="typeSystem">
      </param>
      <param name="member">
      </param>
      <returns>
      </returns>
    </member>
    <member name="M:OpenRasta.Data.ChangeSet`1.Apply(`0)">
      <summary>
            Applies the changes in this <see cref="T:OpenRasta.Data.ChangeSet`1" /> to the provided instance.
            </summary>
      <param name="testObject">The instance of an object on which to apply the changes.</param>
    </member>
    <member name="P:OpenRasta.Data.ChangeSet`1.Changes">
      <summary>
            Gets the list of changes to be applied to an object.
            </summary>
    </member>
    <member name="P:OpenRasta.Web.IRequest.Uri">
      <summary>
            The request Uri
            </summary>
    </member>
    <member name="P:OpenRasta.Web.IRequest.UriName">
      <summary>
            The name associated with the requested URI
            </summary>
    </member>
    <member name="P:OpenRasta.Web.IRequest.NegotiatedCulture">
      <summary>
            The culture in which the resource has been requested by the client.
            </summary>
    </member>
    <member name="P:OpenRasta.Web.IRequest.HttpMethod">
      <summary>
            The HTTP method used.
            </summary>
    </member>
    <member name="T:OpenRasta.IO.DeterministicStreamWriter">
      <summary>
            Implements a StreamWriter that does not close or dispose the stream when it doesn't own it.
            </summary>
    </member>
    <member name="M:OpenRasta.IO.DeterministicStreamWriter.#ctor(System.IO.Stream,System.Text.Encoding,OpenRasta.IO.StreamActionOnDispose)">
      <summary>
            Initializes a new instance of the <see cref="T:OpenRasta.IO.DeterministicStreamWriter" /> class.
            </summary>
      <param name="stream">The stream to write to.</param>
      <param name="encoding">The encoding used when writing to the stream.</param>
      <param name="action">The action to take for the stream when the writer is closed.</param>
    </member>
    <member name="T:OpenRasta.IO.LengthTrackingStream">
      <summary>
            Provides a stream that can keep track of how much data was written to a non-seekable stream.
            </summary>
    </member>
    <member name="T:OpenRasta.IO.StreamActionOnDispose">
      <summary>
            Defines what happens to a stream when the user of the stream gets disposed.
            </summary>
    </member>
    <member name="F:OpenRasta.IO.StreamActionOnDispose.Close">
      <summary>
            The stream is closed when the owner is disposed.
            </summary>
    </member>
    <member name="F:OpenRasta.IO.StreamActionOnDispose.None">
      <summary>
            The stream is not closed.
            </summary>
    </member>
    <member name="M:OpenRasta.OperationModel.OperationRequestCodecExtensions.GetRequestCodec(OpenRasta.OperationModel.IOperation)">
      <summary>
            Gets The codec used to read the request.
            </summary>
    </member>
    <member name="T:OpenRasta.TypeSystem.IAttributeProvider">
      <summary>
            Represents an object that provides attributes.
            </summary>
    </member>
    <member name="M:OpenRasta.TypeSystem.IAttributeProvider.FindAttribute``1">
      <summary>
            Find an attribute of the specified type.
            </summary>
      <typeparam name="T">The type of the attribute to read.</typeparam>
      <returns>The instance of the attribute, or <c>null</c> if none was found.</returns>
    </member>
    <member name="M:OpenRasta.TypeSystem.IAttributeProvider.FindAttributes``1">
      <summary>
            Find all attributes of the specified type defined on a member.
            </summary>
      <typeparam name="T">The type of the attribute to read.</typeparam>
      <returns>Instances of the attribute, or an empty list if none were found.</returns>
    </member>
    <member name="T:OpenRasta.TypeSystem.IMember">
      <summary>
            Represents a member.
            </summary>
    </member>
    <member name="M:OpenRasta.TypeSystem.IMember.GetIndexer(System.String)">
      <summary>
            Gets the first indexer accepting the value <paramref name="indexerValue" /> as a parameter.
            </summary>
      <param name="indexerValue">The indexer parameter value.</param>
      <returns>Returns an instance of <see cref="T:OpenRasta.TypeSystem.IProperty" />, or <c>null</c> if none were found.</returns>
    </member>
    <member name="M:OpenRasta.TypeSystem.IMember.GetProperty(System.String)">
      <summary>
            Gets the first property defined on the member with a name matching the <paramref name="propertyName" /> value.
            </summary>
      <param name="propertyName">The name of the property to find</param>
      <returns>
      </returns>
    </member>
    <member name="M:OpenRasta.TypeSystem.IMember.GetMethod(System.String)">
      <summary>
            Gets the first method with a name matching the <paramref name="methodName" /> value.
            </summary>
      <param name="methodName">The name of the method to find.</param>
      <returns>
      </returns>
    </member>
    <member name="M:OpenRasta.TypeSystem.IMember.GetMethods">
      <summary>
            Gets the list of all available methods on this member.
            </summary>
      <returns>
      </returns>
    </member>
    <member name="M:OpenRasta.TypeSystem.IMember.CanSetValue(System.Object)">
      <summary>
            Returns a value indicating the passed instance can be assigned to the current member.
            </summary>
      <param name="value">The value being assigned.</param>
      <returns>
        <c>true</c> if the value can be assigned to this member, otherwise <c>false</c>.</returns>
    </member>
    <member name="P:OpenRasta.TypeSystem.IMember.Name">
      <summary>
            Gets the name of the current member.
            </summary>
    </member>
    <member name="P:OpenRasta.TypeSystem.IMember.TypeName">
      <summary>
            Gets the name of the type of the current member.
            </summary>
    </member>
    <member name="P:OpenRasta.TypeSystem.IMember.TypeSystem">
      <summary>
            Gets the type system from which this type was created.
            </summary>
    </member>
    <member name="P:OpenRasta.TypeSystem.IMember.Type">
      <summary>
            Gets the type of the current member
            </summary>
    </member>
    <member name="P:OpenRasta.TypeSystem.IMember.IsEnumerable">
      <summary>
            Gets a value defining if the member is an enumerable.
            </summary>
      <remarks>
            Dictionary and string types are not considered to be enumerable.
            </remarks>
    </member>
    <member name="T:OpenRasta.Pipeline.KnownStages">
      <summary>
            Contains all the known stages 
            </summary>
    </member>
    <member name="T:OpenRasta.Pipeline.KnownStages.IBegin">
      <summary>
            Represents the first stage in the pipeline.
            </summary>
    </member>
    <member name="T:OpenRasta.Pipeline.KnownStages.IUriMatching">
      <summary>
            Represents the stage at which the URI is matched to find a resource.
            </summary>
    </member>
    <member name="T:OpenRasta.Pipeline.KnownStages.IHandlerSelection">
      <summary>
            Represents the stage at which handlers are selected for a resource.
            </summary>
    </member>
    <member name="T:OpenRasta.Pipeline.KnownStages.IOperationCreation">
      <summary>
            Represents the stage at which the operations available on a handler get created.
            </summary>
    </member>
    <member name="T:OpenRasta.Pipeline.KnownStages.IOperationFiltering">
      <summary>
            Represents the stage at which operations get filtered out and ignored.
            </summary>
    </member>
    <member name="T:OpenRasta.Pipeline.KnownStages.ICodecRequestSelection">
      <summary>
            Represents the stage at which a codec is chosen to process the request entity.
            </summary>
    </member>
    <member name="T:OpenRasta.Pipeline.KnownStages.IRequestDecoding">
      <summary>
            Represents the stage at which the operations get populated with data from the URI
            </summary>
    </member>
    <member name="T:OpenRasta.Pipeline.KnownStages.IOperationExecution">
      <summary>
            Represents the stage at which the operation is being executed.
            </summary>
    </member>
    <member name="T:OpenRasta.Pipeline.KnownStages.IOperationResultInvocation">
      <summary>
            Represents the stage at which the operation result gets executed.
            </summary>
    </member>
    <member name="T:OpenRasta.Pipeline.KnownStages.ICodecResponseSelection">
      <summary>
            Represents the stage at which a codec is found to render the response resource.
            </summary>
    </member>
    <member name="T:OpenRasta.Pipeline.KnownStages.IResponseCoding">
      <summary>
            Represents the stage at which the codec is rendering the response resource.
            </summary>
    </member>
    <member name="T:OpenRasta.Pipeline.KnownStages.IEnd">
      <summary>
            Represents the end of the pipeline.
            </summary>
    </member>
    <member name="T:OpenRasta.OperationModel.CodecSelectors.RequestCodecSelector">
      <summary>
            Resolves a compatible codec for an operation, and filters out operations
            that do not have a codec capable of processing the request.
            </summary>
    </member>
    <member name="M:OpenRasta.OperationModel.OperationExtensions.CountReady(System.Collections.Generic.IEnumerable{OpenRasta.OperationModel.InputMember})">
      <summary>
            Returns the number of members ready for invocation (aka either having a default value or having had a value assigned to them).
            </summary>
      <param name="members">
      </param>
      <returns>
      </returns>
    </member>
    <member name="M:OpenRasta.OperationModel.OperationExtensions.Optional(System.Collections.Generic.IEnumerable{OpenRasta.OperationModel.InputMember})">
      <summary>
            Returns a list of members not required for an operation to execute.
            </summary>
      <param name="members">
      </param>
      <returns>
      </returns>
    </member>
    <member name="M:OpenRasta.OperationModel.OperationExtensions.Required(System.Collections.Generic.IEnumerable{OpenRasta.OperationModel.InputMember})">
      <summary>
            Returns the list of members required for an operation to execute.
            </summary>
      <param name="members">
      </param>
      <returns>
      </returns>
    </member>
    <member name="T:OpenRasta.TypeSystem.IMethod">
      <summary>
            Represents a method on a type.
            </summary>
    </member>
    <member name="M:OpenRasta.TypeSystem.IMethod.Invoke(System.Object,System.Object[])">
      <summary>
            Invokes a method on a target instance.
            </summary>
      <param name="target">The target instance on which to call the method.</param>
      <param name="parameters">The parameters passed to the method when being invoked.</param>
      <returns>A list of objects returned by the method.</returns>
    </member>
    <member name="P:OpenRasta.TypeSystem.IMethod.Owner">
      <summary>
            Gets the member owning the method.
            </summary>
    </member>
    <member name="P:OpenRasta.TypeSystem.IMethod.Name">
      <summary>
            Gets the name of the method.
            </summary>
    </member>
    <member name="P:OpenRasta.TypeSystem.IMethod.InputMembers">
      <summary>
            Gets the list of input members to a method.
            </summary>
    </member>
    <member name="P:OpenRasta.TypeSystem.IMethod.OutputMembers">
      <summary>
            Gets the list of output members to a method.
            </summary>
    </member>
    <member name="M:OpenRasta.TypeSystem.IProperty.CreateBuilder(OpenRasta.TypeSystem.IMemberBuilder)">
      <summary>
            Returns a new instance of an instance builder.
            </summary>
      <returns>
      </returns>
    </member>
    <member name="M:OpenRasta.TypeSystem.IProperty.GetCallStack">
      <summary>
            Gets a list of the intermediate properties required along the chain call to assign this property.
            </summary>
    </member>
    <member name="M:OpenRasta.TypeSystem.IProperty.GetValue(System.Object)">
      <summary>
            Reads the value of this property on the target instance.
            </summary>
      <param name="target">
      </param>
      <returns>The value of the property</returns>
    </member>
    <member name="M:OpenRasta.TypeSystem.IProperty.TrySetValue(System.Object,System.Object)">
      <summary>
            Tries to set the value of this property on an instance of an object.
            </summary>
      <param name="target">The instance on which to assign the value.</param>
      <param name="value">The value to assign.</param>
      <returns>
        <c>true</c> if the assignment was successful, otherwise <c>false</c>.</returns>
    </member>
    <member name="M:OpenRasta.TypeSystem.IProperty.TrySetValue``1(System.Object,System.Collections.Generic.IEnumerable{``0},OpenRasta.Binding.ValueConverter{``0})">
      <summary>
            Tries to assign the value of this property on an instance of an object, using a series of properties and a converter.
            </summary>
    </member>
    <member name="P:OpenRasta.TypeSystem.IProperty.PropertyParameters">
      <summary>
            Defines the parameters for indexed properties
            </summary>
    </member>
    <member name="P:OpenRasta.TypeSystem.IProperty.Owner">
      <summary>
            Defines the member (an <see cref="T:OpenRasta.TypeSystem.IType" /> or another <see cref="T:OpenRasta.TypeSystem.IProperty" />) owning this property
            </summary>
    </member>
    <member name="P:OpenRasta.TypeSystem.IProperty.CanWrite">
      <summary>
            Gets a value defining if the property can be written to.
            </summary>
    </member>
    <member name="T:OpenRasta.TypeSystem.ISurrogateProvider">
      <summary>
            Represents a provider responsible for creating surrogates for members.
            </summary>
    </member>
    <member name="M:OpenRasta.TypeSystem.ISurrogateProvider.FindSurrogate``1(``0)">
      <summary>
            Tries to find a surrogate for the <see cref="T:OpenRasta.TypeSystem.IProperty" /> or <see cref="T:OpenRasta.TypeSystem.IType" /> defined in member.
            </summary>
      <typeparam name="T">Either an <see cref="T:OpenRasta.TypeSystem.IProperty" /> or an <see cref="T:OpenRasta.TypeSystem.IType" />.</typeparam>
      <param name="member">An instance of T for which to get a surrogate.</param>
      <returns>The member surrogated, the original member if none were found, or <c>null</c> if an error occured.</returns>
    </member>
    <member name="T:OpenRasta.TypeSystem.IType">
      <summary>
            Represents a type used to manipulate objects.
            </summary>
    </member>
    <member name="M:OpenRasta.TypeSystem.IType.TryCreateInstance``1(System.Collections.Generic.IEnumerable{``0},OpenRasta.Binding.ValueConverter{``0},System.Object@)">
      <summary>
            Tries to create an instance of this type.
            </summary>
      <typeparam name="T">The type of the values for which conversion will occur.</typeparam>
      <param name="values">The values to use in creating the instance</param>
      <param name="converter">A converter method responsible for converting between the source type <typeparamref name="T" /> and a destination type.</param>
      <param name="result">The fully-built object.</param>
      <returns>
        <c>true</c> if the object could be created from the provided values, otherwise <c>false</c>.</returns>
    </member>
    <member name="M:OpenRasta.TypeSystem.IType.CreateInstance">
      <summary>
            Tries to create an empty instance of this type.
            </summary>
      <returns>An instance of this type.</returns>
    </member>
    <member name="M:OpenRasta.TypeSystem.IType.CreateBuilder">
      <summary>
            Returns a builder used to aggregate values to assign to an object of this type.
            </summary>
      <returns>A builder.</returns>
    </member>
    <member name="M:OpenRasta.TypeSystem.IType.IsAssignableFrom(OpenRasta.TypeSystem.IType)">
      <summary>
            Gets a value defining if the provided type can be assigned to a value of this type.
            </summary>
      <param name="type">The type to assign to a value of this type.</param>
      <returns>
        <c>true</c> if the types are compatible, otherwise <c>false</c>.</returns>
    </member>
    <member name="T:OpenRasta.TypeSystem.ITypeBuilder">
      <summary>
            Represents an object that can create new objects or update existing objects
            from a list of property values.
            </summary>
    </member>
    <member name="M:OpenRasta.TypeSystem.ITypeBuilder.Update(System.Object)">
      <summary>
            Updates an object instance with the property values contained by the
            type builder.
            </summary>
      <param name="destination">The destination instance.</param>
      <returns>The destination object.</returns>
      <remarks>The instance is returned by this method for the case where
            a copy-by-value object is being returned, such as a <see cref="T:System.DateTime" /> object.
            </remarks>
    </member>
    <member name="M:OpenRasta.TypeSystem.ITypeBuilder.Create">
      <summary>
            Creates an instance of an object of the type specified in the Type property.
            </summary>
      <returns>
      </returns>
    </member>
    <member name="P:OpenRasta.TypeSystem.ITypeBuilder.Changes">
      <summary>
            Gets the list of property changes available to this type.
            </summary>
    </member>
    <member name="P:OpenRasta.TypeSystem.ITypeBuilder.Type">
      <summary>
            Gets the <see cref="T:OpenRasta.TypeSystem.IType" /> for which properties are being set.
            </summary>
    </member>
    <member name="T:OpenRasta.TypeSystem.ITypeSystem">
      <summary>
            Represents the type system used by OpenRasta for manipulating types.
            </summary>
    </member>
    <member name="M:OpenRasta.TypeSystem.ITypeSystem.FromClr(System.Type)">
      <summary>
            Gets a type given an instance of a CLR Type object.
            </summary>
      <param name="type">The CLR Type for which to retrieve an <see cref="T:OpenRasta.TypeSystem.IType" />.</param>
      <returns>An implementation of <see cref="T:OpenRasta.TypeSystem.IType" />.</returns>
    </member>
    <member name="M:OpenRasta.TypeSystem.ITypeSystem.FromInstance(System.Object)">
      <summary>
            Gets an implementation of an <see cref="T:OpenRasta.TypeSystem.IType" /> object from an instance of an object.
            </summary>
      <param name="instance">The instance of an object for which to retrieve an <see cref="T:OpenRasta.TypeSystem.IType" />.</param>
      <returns>An implementatino of <see cref="T:OpenRasta.TypeSystem.IType" />.</returns>
    </member>
    <member name="P:OpenRasta.TypeSystem.ITypeSystem.SurrogateProvider">
      <summary>
            Gets the surrogate provider used for wrapping types with other types.
            </summary>
    </member>
    <member name="P:OpenRasta.TypeSystem.ITypeSystem.PathManager">
      <summary>
            Gets the instance of the path manager used to parse and generate string components.
            </summary>
    </member>
    <member name="T:OpenRasta.TypeSystem.IPathManager">
      <summary>
            Represents the component responsible for generating and parsing object paths.
            </summary>
    </member>
    <member name="M:OpenRasta.TypeSystem.IPathManager.ReadComponents(System.String)">
      <summary>
            Splits an object path into its components.
            </summary>
      <param name="objectPath">The object path to parse.</param>
      <returns>The individual components in the path.</returns>
    </member>
    <member name="M:OpenRasta.TypeSystem.IPathManager.GetPathType(System.Collections.Generic.IEnumerable{System.String},System.String)">
      <summary>
            Gets the type of the provided object path, given a list of prefixes.
            </summary>
      <param name="prefixes">The prefixes to ignore when parsing, usually the type name and parameter name.</param>
      <param name="objectPath">The object path to parse.</param>
      <returns>
      </returns>
    </member>
    <member name="M:OpenRasta.TypeSystem.IPathManager.WriteComponents(System.Collections.Generic.IEnumerable{OpenRasta.TypeSystem.PathComponent})">
      <summary>
            Writes the components of a member access path to a string.
            </summary>
      <param name="components">The list of components that constitute the object path.</param>
      <returns>
      </returns>
    </member>
    <member name="P:OpenRasta.TypeSystem.ReflectionBased.ReflectionBasedProperty.Property">
      <summary>
            Defines the PropertyInfo of the property as defined on the owner type
            </summary>
    </member>
    <member name="P:OpenRasta.TypeSystem.ReflectionBased.ReflectionBasedProperty.PropertyParameters">
      <summary>
            Defines the parameters for indexer properties
            </summary>
    </member>
    <member name="P:OpenRasta.TypeSystem.ReflectionBased.ReflectionBasedProperty.Owner">
      <summary>
            Defines the type owning this property
            </summary>
    </member>
    <member name="M:OpenRasta.TypeSystem.PropertyBuilder.TrySetValue``1(System.Collections.Generic.IEnumerable{``0},OpenRasta.Binding.ValueConverter{``0})">
      <summary>
            Tries to assign a property value and return <c>true</c> if it was successfully assigned or if the parent wasn't available.
            </summary>
      <typeparam name="T">
      </typeparam>
      <param name="values">
      </param>
      <param name="converter">
      </param>
      <returns>
      </returns>
    </member>
    <member name="T:OpenRasta.TypeSystem.Surrogated.AlienOwnedProperty">
      <summary>
            Represents a property defined on an alien object.
            </summary>
    </member>
    <member name="T:OpenRasta.TypeSystem.Surrogated.IKeepSurrogateInstances">
      <summary>
            Represents an object that keeps a list of surrogate instances for members, usually for usage in member builders.
            </summary>
    </member>
    <member name="P:OpenRasta.TypeSystem.Surrogated.IKeepSurrogateInstances.Surrogates">
      <summary>
            Gets a dictionary associating a surrogate instance to a member, so the same one can be reused.
            </summary>
    </member>
    <member name="T:OpenRasta.TypeSystem.Surrogates.ISurrogate">
      <summary>
            Represents a surrogate instance
            </summary>
    </member>
    <member name="P:OpenRasta.TypeSystem.Surrogates.ISurrogate.Value">
      <summary>
            Gets or sets the instance of the object being surrogated.
            </summary>
    </member>
    <member name="T:OpenRasta.TypeSystem.Surrogates.Static.CollectionIndexerSurrogate`1">
      <summary>
            Please do not use, it's not ready for prime time yet.
            </summary>
      <typeparam name="T">
      </typeparam>
    </member>
    <member name="T:OpenRasta.TypeSystem.Surrogates.ISurrogateBuilder">
      <summary>
            Represents a builder, responsible to responding to surrogate building requests.
            </summary>
    </member>
    <member name="M:OpenRasta.TypeSystem.Surrogates.ISurrogateBuilder.CanCreateFor(OpenRasta.TypeSystem.IMember)">
      <summary>
            Gets a value defining if this builder can provide a surrogate type for the provided member.
            </summary>
      <param name="member">The member for which a surrogate is requested.</param>
      <returns>
        <c>true</c> if the builder can provide a surrogate, otherwise <c>false</c>.</returns>
    </member>
    <member name="M:OpenRasta.TypeSystem.Surrogates.ISurrogateBuilder.Create(OpenRasta.TypeSystem.IMember)">
      <summary>
            Gets the surrogate type for a member.
            </summary>
      <param name="member">The member for which the surrogate type is to be provided.</param>
      <returns>The surrogated type.</returns>
    </member>
    <member name="T:OpenRasta.TypeSystem.Surrogates.Static.ListIndexerSurrogate`1">
      <summary>
            Provides a surrogate for types implementing <see cref="T:System.Collections.IList" />(Of T)
            </summary>
    </member>
    <member name="M:OpenRasta.TypeSystem.TypeBuilder.Create">
      <exception cref="T:System.ArgumentNullException">
        <c>instance</c> is null.</exception>
    </member>
    <member name="M:OpenRasta.TypeSystem.TypeBuilder.Update(System.Object)">
      <exception cref="T:System.ArgumentNullException">
        <c>instance</c> is null.</exception>
    </member>
    <member name="T:OpenRasta.Text.Rfc2047Encoding">
      <summary>
            Provides partial implementation for decoding strings according to RFC2047.
            </summary>
      <remarks>
            This implementation is not yet conformant to rfc2047.
            </remarks>
    </member>
    <member name="T:OpenRasta.Web.Markup.Modules.IBdoElement">
      <summary>
            Represents the &lt;bdo&gt; element.
            </summary>
    </member>
    <member name="T:OpenRasta.Web.Markup.Modules.IBaseElement">
      <summary>
            Represents the &lt;base&gt; element.
            </summary>
    </member>
    <member name="T:OpenRasta.Web.Markup.Modules.ICaptionElement">
      <summary>
            Represents the &lt;caption&gt; element.
            </summary>
    </member>
    <member name="T:OpenRasta.Web.Markup.Modules.IContentSetFlow">
      <summary>
        <para>Represens the set of Flow elements</para>
        <para>
            Block elements: &lt;address&gt;, &lt;blockquote&gt;, &lt;div&gt;, &lt;p&gt;, &lt;pre&gt;, &lt;script&gt;, &lt;noscript&gt;</para>
        <para>
            Form elements: &lt;form&gt; and &lt;fieldset&gt;
            </para>
        <para>
            Table elements: &lt;table&gt;
            </para>
        <para>
            List elements: &lt;dl&gt;, &lt;ol&gt; and &lt;ul&gt;
            </para>
        <para>
            Header elements: &lt;h1&gt;, &lt;h2&gt;, &lt;h3&gt;, &lt;h4&gt;, &lt;h5&gt;, &lt;h6&gt;
            </para>
        <para>
            Inline Elements: &lt;a&gt;, &lt;del&gt;, &lt;ins&gt;, &lt;iframe&gt;, &lt;script&gt;, &lt;noscript&gt; and &lt;object&gt;
            </para>
        <para>
            Empty elements: &lt;hr&gt;, &lt;br&gt; and &lt;img&gt;</para>
        <para>
            Text elements: &lt;abbr&gt;, &lt;acronym&gt;, &lt;b&gt;, &lt;big&gt;, &lt;cite&gt;, &lt;code&gt;, &lt;dfn&gt;, &lt;em&gt;, &lt;i&gt;, &lt;kbd&gt;, &lt;samp&gt;, &lt;small&gt;, &lt;span&gt;, &lt;strong&gt;, &lt;sub&gt;, &lt;sup&gt;, &lt;tt&gt; and &lt;var&gt;
            </para>
      </summary>
    </member>
    <member name="T:OpenRasta.Web.Markup.Modules.IContentSetBlock">
      <summary>
        <para>Represents the set of Block elements.</para>
        <para>
            Block elements: &lt;address&gt;, &lt;blockquote&gt;, &lt;div&gt;, &lt;p&gt;, &lt;pre&gt;, &lt;script&gt;, &lt;noscript&gt;
            </para>
        <para>
            Form elements: &lt;form&gt; and &lt;fieldset&gt;
            </para>
        <para>
            Table elements: &lt;table&gt;
            </para>
      </summary>
    </member>
    <member name="T:OpenRasta.Web.Markup.Modules.ITableElement">
      <summary>
            Represents the &lt;table&gt; element.
            </summary>
    </member>
    <member name="T:OpenRasta.Web.Markup.Modules.ITHeadElement">
      <summary>
            Represents the &lt;thead&gt; element.
            </summary>
    </member>
    <member name="T:OpenRasta.Web.Markup.Modules.ITBodyElement">
      <summary>
            Represents the &lt;tbody&gt; element.
            </summary>
    </member>
    <member name="T:OpenRasta.Web.Markup.Modules.ITFootElement">
      <summary>
            Represents the &lt;tfoot&gt; element.
            </summary>
    </member>
    <member name="T:OpenRasta.Web.Markup.Modules.ITrElement">
      <summary>
            Represents the &lt;tr&gt; element.
            </summary>
    </member>
    <member name="T:OpenRasta.Web.Markup.Modules.IColElement">
      <summary>
            Defines the &lt;col&gt; element.
            </summary>
    </member>
    <member name="T:OpenRasta.Web.Markup.Modules.IColGroupElement">
      <summary>
            Defines the &lt;colgroup&gt; element.
            </summary>
    </member>
    <member name="T:OpenRasta.Web.Markup.Modules.ITdElement">
      <summary>
            Represents the &lt;td&gt; element.
            </summary>
    </member>
    <member name="T:OpenRasta.Web.Markup.Modules.IThElement">
      <summary>
            Represents the &lt;th&gt; element.
            </summary>
    </member>
    <member name="T:OpenRasta.Web.Markup.Attributes.DigitBooleanAttribute">
      <summary>
            Annotation for attributes using 1 and 0 as boolean values.
            </summary>
    </member>
    <member name="T:OpenRasta.Web.Markup.Attributes.Annotations.BooleanAttribute">
      <summary>
            Represents a boolean sgmml attribute, of the form attrib="attrib"
            </summary>
    </member>
    <member name="T:OpenRasta.Web.Markup.Elements.IBodyElement">
      <summary>
            Represents the &lt;body&gt; element.
            </summary>
    </member>
    <member name="T:OpenRasta.Web.Markup.Elements.IHeadElement">
      <summary>
            Represents the &lt;head&gt; element.
            </summary>
    </member>
    <member name="T:OpenRasta.Web.Markup.Elements.IHtmlElement">
      <summary>
            Represents the &lt;html&gt; element.
            </summary>
    </member>
    <member name="T:OpenRasta.Web.Markup.Elements.ITitleElement">
      <summary>
            Represents the &lt;title&gt; element.
            </summary>
    </member>
    <member name="T:OpenRasta.Web.Markup.Modules.IContentSetHeading">
      <summary>
        <para>Represents the set of Heading elements.</para>
        <para>
            Header elements: &lt;h1&gt;, &lt;h2&gt;, &lt;h3&gt;, &lt;h4&gt;, &lt;h5&gt;, &lt;h6&gt;
            </para>
      </summary>
    </member>
    <member name="T:OpenRasta.Web.Markup.Elements.IHElement">
      <summary>
            Represents the &lt;h1&gt;, &lt;h2&gt;, &lt;h3&gt;, &lt;h4&gt;, &lt;h5&gt; and &lt;h6&gt; elements.
            </summary>
    </member>
    <member name="T:OpenRasta.Web.Markup.Elements.IAddressElement">
      <summary>
            Represents the &lt;address&gt; element.
            </summary>
    </member>
    <member name="T:OpenRasta.Web.Markup.Elements.IBlockQuoteElement">
      <summary>
            Represents the &lt;blockquote&gt; element.
            </summary>
    </member>
    <member name="T:OpenRasta.Web.Markup.Elements.IDivElement">
      <summary>
            Represents the &lt;div&gt; element.
            </summary>
    </member>
    <member name="T:OpenRasta.Web.Markup.Elements.IPElement">
      <summary>
            Represents the &lt;p&gt; element.
            </summary>
    </member>
    <member name="T:OpenRasta.Web.Markup.Elements.IPreElement">
      <summary>
            Represents the &lt;pre&gt; element.
            </summary>
    </member>
    <member name="T:OpenRasta.Web.Markup.Modules.IContentSetInline">
      <summary>
        <para>Represents the set of Inline elements.</para>
        <para>
            Inline Elements: &lt;a&gt;, &lt;del&gt;, &lt;ins&gt;, &lt;iframe&gt;, &lt;script&gt;, &lt;noscript&gt; and &lt;object&gt;
            </para>
        <para>
            Empty elements: &lt;hr&gt;, &lt;br&gt; and &lt;img&gt;</para>
        <para>
            Text elements: &lt;abbr&gt;, &lt;acronym&gt;, &lt;b&gt;, &lt;big&gt;, &lt;cite&gt;, &lt;code&gt;, &lt;dfn&gt;, &lt;em&gt;, &lt;i&gt;, &lt;kbd&gt;, &lt;samp&gt;, &lt;small&gt;, &lt;span&gt;, &lt;strong&gt;, &lt;sub&gt;, &lt;sup&gt;, &lt;tt&gt; and &lt;var&gt;
            </para>
      </summary>
    </member>
    <member name="T:OpenRasta.Web.Markup.Elements.IInlineElement">
      <summary>
            Represents the &lt;abbr&gt;, &lt;acronym&gt;, &lt;b&gt;, &lt;big&gt;, &lt;cite&gt;, &lt;code&gt;, &lt;dfn&gt;, &lt;em&gt;, &lt;i&gt;, &lt;kbd&gt;, &lt;samp&gt;, &lt;small&gt;, &lt;span&gt;, &lt;strong&gt;, &lt;sub&gt;, &lt;sup&gt;, &lt;tt&gt; and &lt;var&gt; elements.
            </summary>
    </member>
    <member name="T:OpenRasta.Web.Markup.Elements.IQElement">
      <summary>
            Represents the &lt;q&gt; element.
            </summary>
    </member>
    <member name="T:OpenRasta.Web.Markup.Modules.IAElement">
      <summary>
            Represents the &lt;a&gt; element
            </summary>
    </member>
    <member name="T:OpenRasta.Web.Markup.Modules.IContentSetList">
      <summary>
        <para>Represents the set of list elements</para>
        <para>
            List elements: &lt;dl&gt;, &lt;ol&gt; and &lt;ul&gt;
            </para>
      </summary>
    </member>
    <member name="T:OpenRasta.Web.Markup.Elements.IDlElement">
      <summary>
            Represents the &lt;dl&gt; element
            </summary>
    </member>
    <member name="T:OpenRasta.Web.Markup.Elements.IDtElement">
      <summary>
            Represents the &lt;dt&gt; element
            </summary>
    </member>
    <member name="T:OpenRasta.Web.Markup.Elements.IDdElement">
      <summary>
            Represents the &lt;dd&gt; element
            </summary>
    </member>
    <member name="T:OpenRasta.Web.Markup.Elements.IListElement">
      <summary>
            Represents the &lt;ul&gt; and &lt;ol&gt; elements
            </summary>
    </member>
    <member name="T:OpenRasta.Web.Markup.Elements.ILiElement">
      <summary>
            Represents the &lt;li&gt; element
            </summary>
    </member>
    <member name="T:OpenRasta.Web.Markup.Modules.IEditElement">
      <summary>
            Represents the &lt;del&gt; and &lt;ins&gt; elements.
            </summary>
    </member>
    <member name="T:OpenRasta.Web.Markup.Elements.IEmptyElement">
      <summary>
            Represents the &lt;img&gt;, &lt;hr&gt; and &lt;br&gt; elements
            </summary>
    </member>
    <member name="T:OpenRasta.Web.Markup.Elements.IImgElement">
      <summary>
            Represents the &lt;img&gt; element
            </summary>
    </member>
    <member name="T:OpenRasta.Web.Markup.Modules.IContentSetForm">
      <summary>
        <para>Represents the set of form elements.</para>
        <para>
            Form elements: &lt;form&gt; and &lt;fieldset&gt;
            </para>
      </summary>
    </member>
    <member name="T:OpenRasta.Web.Markup.Modules.IFormElement">
      <summary>
            Represents the &lt;form&gt; element.
            </summary>
    </member>
    <member name="T:OpenRasta.Web.Markup.Modules.IContentSetFormctrl">
      <summary>
        <para>Represents the set of form control elements.</para>
        <para>
            Form control elements: &lt;input&gt;, &lt;select&gt;, &lt;textarea&gt;, &lt;label&gt; and &lt;button&gt;
            </para>
      </summary>
    </member>
    <member name="T:OpenRasta.Web.Markup.Modules.IInputCheckedElement">
      <summary>
            Represents the input tags checkbox and radio
            </summary>
    </member>
    <member name="T:OpenRasta.Web.Markup.Modules.IInputTextElement">
      <summary>
            Represents the &lt;input type="text" /&gt; element.
            </summary>
    </member>
    <member name="T:OpenRasta.Web.Markup.Modules.IInputImageElement">
      <summary>
            Represents the &lt;input type="image" /&gt; element.
            </summary>
    </member>
    <member name="T:OpenRasta.Web.Markup.Modules.IOptionElement">
      <summary>
            Represents the &lt;option&gt; element.
            </summary>
    </member>
    <member name="T:OpenRasta.Web.Markup.Modules.IOptgroupElement">
      <summary>
            Represents the &lt;optgroup&gt; element.
            </summary>
    </member>
    <member name="T:OpenRasta.Web.Markup.Elements.IObjectElement">
      <summary>
            Represents the &lt;object&gt; element
            </summary>
    </member>
    <member name="T:OpenRasta.Web.Markup.Elements.IParamElement">
      <summary>
            Represents the &lt;param&gt; element
            </summary>
    </member>
    <member name="T:OpenRasta.Web.Markup.Modules.IIFrameElement">
      <summary>
            Represents the &lt;iframe&gt; element.
            </summary>
    </member>
    <member name="T:OpenRasta.Web.Markup.Elements.IMetaElement">
      <summary>
            Represents the &lt;meta&gt; element.
            </summary>
    </member>
    <member name="T:OpenRasta.Web.Markup.Modules.IStyleElement">
      <summary>
            Represents the &lt;style&gt; element.
            </summary>
    </member>
    <member name="T:OpenRasta.Web.Markup.Elements.ILinkElement">
      <summary>
            Represents the &lt;link&gt; element.
            </summary>
    </member>
    <member name="T:OpenRasta.Web.Markup.Elements.IScriptElement">
      <summary>
            Represents the &lt;script&lt; element.
            </summary>
    </member>
    <member name="T:OpenRasta.Web.Markup.Elements.INoScriptElement">
      <summary>
            Represents the &lt;noscript&gt; element.
            </summary>
    </member>
    <member name="T:OpenRasta.Web.Markup.Modules.ITextAreaElement">
      <summary>
            Represents the &lt;textarea&gt; element.
            </summary>
    </member>
    <member name="T:OpenRasta.Web.Markup.Modules.ISelectElement">
      <summary>
            Represents the &lt;select&gt; element.
            </summary>
    </member>
    <member name="T:OpenRasta.Web.Markup.Modules.ILabelElement">
      <summary>
            Represents the &lt;label&gt; element.
            </summary>
    </member>
    <member name="T:OpenRasta.Web.Markup.Modules.IFieldsetElement">
      <summary>
            Represents the &lt;fieldset&gt; element.
            </summary>
    </member>
    <member name="T:OpenRasta.Web.Markup.Modules.ILegendElement">
      <summary>
            Represents the &lt;legend&gt; element.
            </summary>
    </member>
    <member name="T:OpenRasta.Web.Markup.Modules.IButtonElement">
      <summary>
            Represents the &lt;button&gt; element.
            </summary>
    </member>
    <member name="P:OpenRasta.Web.Markup.IXhtmlAnchor.User">
      <summary>
            Gets the principal object representing the current user's credentials.
            </summary>
    </member>
    <member name="T:OpenRasta.Web.Markup.XhtmlAnchor">
      <summary>
            Marker class used to provide xhtml-related functionality from within pages using extension methods.
            </summary>
    </member>
    <member name="P:OpenRasta.Web.IHttpEntity.Errors">
      <summary>
            Provides access to a list of errors associated with the entity
            </summary>
    </member>
    <member name="P:OpenRasta.IO.BoundaryStreamReader.BoundarySubStream.Length">
      <exception cref="T:System.NotSupportedException">
        <c>NotSupportedException</c>.</exception>
    </member>
    <member name="P:OpenRasta.IO.BoundaryStreamReader.BoundarySubStream.Position">
      <exception cref="T:System.NotSupportedException">
        <c>NotSupportedException</c>.</exception>
    </member>
    <member name="M:OpenRasta.IO.BoundaryStreamReader.ReadLine">
      <summary>
            Used only to parse boundaries and headers. ASCII always.
            </summary>
      <returns>
      </returns>
    </member>
    <member name="T:OpenRasta.IO.HistoryStream">
      <summary>
            Provides a stream over non-seekable streams that buffers all read calls
            and provide a seekable recent history of the stream.
            </summary>
    </member>
    <member name="M:OpenRasta.UriTemplateTable.MakeReadOnly(System.Boolean)">
      <exception cref="T:System.InvalidOperationException">You need to set a BaseAddress before calling MakeReadOnly</exception>
    </member>
    <member name="M:OpenRasta.UriTemplateTable.MatchSingle(System.Uri)">
      <exception cref="T:OpenRasta.UriTemplateMatchException">Several matching templates were found.</exception>
    </member>
    <member name="M:OpenRasta.UriTemplateTable.EnsureAllTemplatesAreDifferent">
      <exception cref="T:System.InvalidOperationException">Two equivalent templates were found.</exception>
    </member>
    <member name="T:OpenRasta.Web.HttpHeaderDictionary">
      <summary>
            Provides a list of http headers. In dire need of refactoring to use specific header types similar to http digest.
            </summary>
    </member>
    <member name="T:OpenRasta.Pipeline.Contributors.HandlerResolverContributor">
      <summary>
            Resolves the handler attached to a resource type.
            </summary>
    </member>
    <member name="T:OpenRasta.Pipeline.Contributors.HttpMethodOverriderContributor">
      <summary>
            Supports the use of the X-HTTP-Method-Override header to override the verb used
            by OpenRasta for processing.
            </summary>
      <remarks>Clients that can add http headers may not support other verbs than POST (Flash and Silverlight for example). With the X-HTTP-Method-Override header, OpenRasta will process the request as if it was made using a genuine http verb.</remarks>
    </member>
    <member name="M:OpenRasta.TypeSystem.TypeExtensions.CreateInstance(OpenRasta.TypeSystem.IType,OpenRasta.DI.IDependencyResolver)">
      <summary>
            Returns an instance of the type, optionally through the container if it is supported.
            </summary>
      <param name="type">
      </param>
      <param name="resolver">
      </param>
      <returns>
      </returns>
    </member>
    <member name="F:OpenRasta.Pipeline.PipelineContinuation.Abort">
      <summary>
            An error occured and the pipeline should abort.
            </summary>
      <remarks>Aborting the pipeline will result in the error list 
            being sent back to the client</remarks>
    </member>
    <member name="F:OpenRasta.Pipeline.PipelineContinuation.Finished">
      <summary>
            Processing of the pipeline is complete.
            </summary>
    </member>
    <member name="F:OpenRasta.Pipeline.PipelineContinuation.Continue">
      <summary>
            Continue processing the pipeline.
            </summary>
    </member>
    <member name="M:OpenRasta.TypeSystem.ReflectionBased.ReflectionExtensions.CreateInstanceFrom(System.Type,System.String)">
      <summary>
            Creates a type using the provided string to initialize its values.
            </summary>
      <param name="type">The type of object to create.</param>
      <param name="propertyValue">The value to assign to the created object.</param>
      <returns>The created object.</returns>
    </member>
    <member name="M:OpenRasta.TypeSystem.ReflectionBased.ReflectionExtensions.CreateInstanceFrom(System.Type,System.Object)">
      <exception cref="T:System.NotSupportedException">You can only pass an array of strings or a single string</exception>
    </member>
    <member name="M:OpenRasta.TypeSystem.ReflectionBased.ReflectionExtensions.CreateInstanceFrom``1(System.Type,System.Collections.Generic.IEnumerable{``0},OpenRasta.Binding.ValueConverter{``0})">
      <exception cref="T:System.NotSupportedException">
        <c>NotSupportedException</c>.</exception>
    </member>
    <member name="M:OpenRasta.TypeSystem.ReflectionBased.ReflectionExtensions.FindIndexer(System.Collections.Generic.IEnumerable{System.Collections.Generic.KeyValuePair{System.Reflection.PropertyInfo,System.Reflection.ParameterInfo[]}},System.String[])">
      <exception cref="T:System.InvalidOperationException">
        <c>InvalidOperationException</c>.</exception>
    </member>
    <member name="M:OpenRasta.TypeSystem.ReflectionBased.ReflectionExtensions.FindIndexers(System.Type,System.Int32)">
      <summary>
            Gets a list of default properties (indexers) with the provided number of parameters.
            </summary>
      <param name="target">
      </param>
      <param name="parameterCount">
      </param>
      <returns>
      </returns>
      <exception cref="T:System.ArgumentNullException">
        <c>target</c> is null.</exception>
    </member>
    <member name="M:OpenRasta.TypeSystem.ReflectionBased.ReflectionExtensions.FindInterface(System.Type,System.Type)">
      <summary>
            Returns the interface implemented by a type, or null if no matching interface was found.
            </summary>
      <param name="type">
      </param>
      <param name="interfaceType">The interface to look for, including open generic types, for exemple <c>typeof(IList&lt;&gt;)</c></param>
      <returns>
      </returns>
      <exception cref="T:System.ArgumentNullException">
        <c>type</c> is null.</exception>
      <exception cref="T:System.ArgumentException">The type is not an interface</exception>
    </member>
    <member name="M:OpenRasta.TypeSystem.ReflectionBased.ReflectionExtensions.GetInheritanceDistance(System.Type,System.Type)">
      <summary>
            Returns the distance in the inheritance chain between this type and the parent type.
            </summary>
      <param name="type">
      </param>
      <param name="parentType">
      </param>
      <returns>
      </returns>
    </member>
    <member name="M:OpenRasta.TypeSystem.ReflectionBased.ReflectionExtensions.Implements(System.Type,System.Type)">
      <summary>
            Returns <c>true</c> if the type implements the interface.
            </summary>
      <param name="type">
      </param>
      <param name="interfaceType">
      </param>
      <returns>
      </returns>
      <exception cref="T:System.ArgumentException">
        <paramref name="interfaceType" /> is not an interface. Use the <see cref="M:OpenRasta.TypeSystem.ReflectionBased.ReflectionExtensions.InheritsFrom(System.Type,System.Type)" /> method instead.</exception>
    </member>
    <member name="M:OpenRasta.TypeSystem.ReflectionBased.ReflectionExtensions.TryConvert``1(``0[],System.Type,OpenRasta.Binding.ValueConverter{``0},System.Action{System.Object})">
      <exception cref="T:System.NotSupportedException">Could not convert element {0} to {1}.</exception>
    </member>
    <member name="T:OpenRasta.TypeSystem.ReflectionBased.ReflectionBasedType">
      <summary>
            Represents a CLR-based type.
            </summary>
    </member>
    <member name="M:OpenRasta.DI.IDependencyResolver.Resolve(System.Type)">
      <summary>
            Resolves an instance of a type.
            </summary>
      <param name="type">
      </param>
      <returns>An instance of the type.</returns>
    </member>
    <member name="T:OpenRasta.Web.MediaType">
      <summary>
            Represents an internet media-type as defined by RFC 2046.
            </summary>
    </member>
    <member name="M:OpenRasta.Web.MediaType.#ctor(System.String)">
      <summary>
            Initializes a new instance of the <see cref="T:OpenRasta.Web.MediaType" /> class.
            </summary>
      <param name="contentType">A <see cref="T:System.String" />, for example, "text/plain; charset=us-ascii", that contains the internet media type, subtype, and optional parameters.</param>
      <exception cref="T:System.ArgumentNullException">
        <paramref name="contentType" /> is null.
            </exception>
      <exception cref="T:System.ArgumentException">
        <paramref name="contentType" /> is <see cref="F:System.String.Empty" /> ("").
            </exception>
      <exception cref="T:System.FormatException">
        <paramref name="contentType" /> is in a form that cannot be parsed.
            </exception>
    </member>
    <member name="M:OpenRasta.Web.HttpOperationAttribute.Find(System.Reflection.MethodInfo)">
      <summary>
            Tries to find an HttpOperation attribute on a method. 
            </summary>
      <param name="mi">
      </param>
      <returns>The instance of the HttpOperation attribute, or null if none were defined.</returns>
    </member>
    <member name="M:OpenRasta.Codecs.ICodecRepository.FindMediaTypeReader(OpenRasta.Web.MediaType,System.Collections.Generic.IEnumerable{OpenRasta.TypeSystem.IMember},System.Collections.Generic.IEnumerable{OpenRasta.TypeSystem.IMember})">
      <summary>
            Selects the best codec for a given media type and a set of parameters to be resolved.
            </summary>
      <param name="contentType">
      </param>
      <param name="requiredTypes">
      </param>
      <param name="optionalTypes">
      </param>
      <returns>The codec registration and score matching the list of parameters.</returns>
      <remarks>
        <para>The score is calculated as the average distance of the codec to the parameter types.</para>
        <para>For example, if Customer inherits directly from Object, the distance between Object and Customer is 1,and the distance between Customer and itself is 0.</para>
      </remarks>
    </member>
    <member name="T:OpenRasta.Web.OperationResult.Created">
      <summary>
            Represents a "201 Created" response.
            </summary>
    </member>
    <member name="T:OpenRasta.Web.OperationResult.Found">
      <summary>
            Represents a 302 Found response: the requested resource resides temporarily under a different URI.
            </summary>
    </member>
    <member name="T:OpenRasta.Web.OperationResult.MultipleRepresentations">
      <summary>
            Represents a 300 Multiple representations response.
            </summary>
    </member>
    <member name="T:OpenRasta.Web.OperationResult.NoContent">
      <summary>
            Represents a "204 No content" response.
            </summary>
    </member>
    <member name="T:OpenRasta.Web.OperationResult.OK">
      <summary>
            Represents a "200 OK" response.
            </summary>
    </member>
    <member name="T:OpenRasta.Web.OperationResult.RequestMediaTypeUnsupported">
      <summary>
            The request media type (described by the Content-Type header in the request) could not be understood by the server. This will trigger a 415 error code.
            </summary>
    </member>
    <member name="T:OpenRasta.Web.OperationResult.ResponseMediaTypeUnsupported">
      <summary>
            The resource represented by the request could not be returned in any format the client declared supporting through the Accept header.
            </summary>
    </member>
    <member name="T:OpenRasta.Web.OperationResult.SeeOther">
      <summary>
            Represents a 303 See other response: the response to the request can be found under a different URI and SHOULD be retrieved using a GET method on that resource.
            </summary>
    </member>
    <member name="P:OpenRasta.Web.OperationResult.ResponseResource">
      <summary>
            Gets or sets the resource to be returned in the response messsage.
            </summary>
    </member>
    <member name="T:OpenRasta.Pipeline.IPipeline">
      <summary>
            Represents an instance of an OpenRasta pipeline
            </summary>
    </member>
    <member name="T:OpenRasta.Pipeline.PipelineData">
      <summary>
      </summary>
      <remarks>Need to inherit from a yet to be created SafeDictionary</remarks>
    </member>
    <member name="P:OpenRasta.Pipeline.PipelineData.HandlerType">
      <summary>
            Gets the type of the handler selected when matching a request against the registerd resource.
            </summary>
    </member>
    <member name="P:OpenRasta.Pipeline.PipelineData.ResourceKey">
      <summary>
            Gets the resource key associated with the requestURI. 
            </summary>
    </member>
    <member name="P:OpenRasta.Pipeline.PipelineData.ResponseCodec">
      <summary>
            Gets the Codec associated with the response entity.
            </summary>
    </member>
    <member name="P:OpenRasta.Pipeline.PipelineData.SelectedResource">
      <summary>
            Provides access to the matched resource registration for a request URI.
            </summary>
    </member>
    <member name="T:OpenRasta.Web.UriDecorators.IUriDecorator">
      <summary>
            Defines a decoration on a url, used to modify the context of the request and reshape a url before processing.
            </summary>
    </member>
    <member name="M:OpenRasta.Web.UriDecorators.IUriDecorator.Parse(System.Uri,System.Uri@)">
      <summary>
            Parses a Uri.
            </summary>
      <param name="uri">The uri to process</param>
      <param name="processedUri">The uri after processing</param>
      <returns>true if work needs to be done after the Uri processing is done, resulting in a call to Apply(). Otherwise false.</returns>
    </member>
    <member name="M:OpenRasta.Web.UriDecorators.IUriDecorator.Apply">
      <summary>
            Applies any changes after al the Uri decorators have been called.
            </summary>
    </member>
    <member name="T:OpenRasta.Web.UriDecorators.ContentTypeExtensionUriDecorator">
      <summary>
            Decorates a uri with an extension, similar to a file system extension, to override content-type negotiation.
            </summary>
      <remarks>
            The extension is always processed at the end of the uri, and separated by a dot.
            The matching is done per-resource, based on the extension declared for the codec
            associated with a resource.
            </remarks>
    </member>
    <member name="P:OpenRasta.Configuration.OpenRastaConfiguration.Manual">
      <summary>
            Creates a manual configuration of the resources supported by the application.
            </summary>
    </member>
    <member name="M:OpenRasta.Codecs.CodecRepository.FindMediaTypeReader(OpenRasta.Web.MediaType,System.Collections.Generic.IEnumerable{OpenRasta.TypeSystem.IMember},System.Collections.Generic.IEnumerable{OpenRasta.TypeSystem.IMember})">
      <exception cref="T:System.ArgumentNullException">
        <c>requestedMediaType</c> is null.</exception>
    </member>
    <member name="M:OpenRasta.Codecs.CodecRegistration.CheckArgumentsAreValid(System.Type,System.Object,OpenRasta.Web.MediaType,System.Boolean)">
      <exception cref="T:System.ArgumentException">Cannot do a strict registration on resources with keys that are not types.</exception>
      <exception cref="T:System.ArgumentNullException">
        <c>mediaType</c> is null.</exception>
    </member>
    <member name="P:OpenRasta.Codecs.CodecRegistration.IsSystem">
      <summary>
            Defines if the codec is to be preserved between configuration refreshes because it is part of the
            OpenRasta framework.
            </summary>
    </member>
    <member name="M:OpenRasta.Web.TemplatedUriResolver.Add(OpenRasta.Web.UriRegistration)">
      <exception cref="T:System.InvalidOperationException">Cannot add a Uri mapping once the configuration has been done.</exception>
      <exception cref="T:System.ArgumentException">Cannot use a Type as the resourceKey. Use an <see cref="T:OpenRasta.TypeSystem.IType" /> instead or assign the <see cref="P:OpenRasta.Web.TemplatedUriResolver.TypeSystem" /> property.</exception>
    </member>
    <member name="M:OpenRasta.Web.TemplatedUriResolver.CreateUriFor(System.Uri,System.Object,System.String,System.Collections.Specialized.NameValueCollection)">
      <exception cref="T:System.InvalidOperationException">
        <c>InvalidOperationException</c>.</exception>
    </member>
    <member name="M:OpenRasta.Configuration.JsonConfigurationExtensions.AsJsonDataContract(OpenRasta.Configuration.Fluent.ICodecParentDefinition)">
      <summary>
            Enables reading and writing JSON representations of a resource using the <see cref="T:System.Runtime.Serialization.Json.DataContractJsonSerializer" />.
            </summary>
      <param name="codecParent">
      </param>
      <returns>
      </returns>
    </member>
    <member name="T:IQ.ExpressionComparer">
      <summary>
            Compare two expressions to determine if they are equivalent
            </summary>
    </member>
    <member name="M:OpenRasta.Reflection.Evaluator.PartialEval(System.Linq.Expressions.Expression,System.Func{System.Linq.Expressions.Expression,System.Boolean})">
      <summary>
            Performs evaluation and replacement of independent sub-trees
            </summary>
      <param name="expression">The root of the expression tree.</param>
      <param name="fnCanBeEvaluated">A function that decides whether a given expression node can be part of the local function.</param>
      <returns>A new tree with sub-trees evaluated and replaced.</returns>
    </member>
    <member name="M:OpenRasta.Reflection.Evaluator.PartialEval(System.Linq.Expressions.Expression)">
      <summary>
            Performs evaluation and replacement of independent sub-trees
            </summary>
      <param name="expression">The root of the expression tree.</param>
      <returns>A new tree with sub-trees evaluated and replaced.</returns>
    </member>
    <member name="T:OpenRasta.Reflection.SubtreeEvaluator">
      <summary>
            Evaluates and replaces sub-trees when first candidate is reached (top-down)
            </summary>
    </member>
    <member name="T:OpenRasta.Reflection.SubtreeNominator">
      <summary>
            Performs bottom-up analysis to determine which nodes can possibly
            be part of an evaluated sub-tree.
            </summary>
    </member>
  </members>
</doc>